country,year,mmr
australia,1906,538
australia,1907,556.4265453523884
australia,1908,543.2784974673898
australia,1909,505.82531931867
australia,1910,505.1326615354321
australia,1911,503.3021531511625
australia,1912,483.8903582591969
australia,1913,488.52734426809315
australia,1914,459.4768920809085
australia,1915,425.5918618531782
australia,1916,527.2929252963645
australia,1917,563.228561535798
australia,1918,470.8165326589205
australia,1919,466.1051598658926
australia,1920,499.97800683254405
australia,1921,472.1067857090412
australia,1922,451.64950253098266
australia,1923,511.0115217937909
australia,1924,546.9624315370534
australia,1925,564.0980322846707
australia,1926,530.1812829485889
australia,1927,592.3798411344972
australia,1928,598.1592804188606
australia,1929,508.18659252394195
australia,1930,529.5991401802195
australia,1931,548.4815499244784
australia,1932,555.2901300785159
australia,1933,513.1707843154877
australia,1934,576.3873030372231
australia,1935,421.2890186391197
australia,1936,599.6226512625675
australia,1937,462.5160537559493
australia,1938,466.71926255034674
australia,1939,409.305807585584
australia,1940,407.6076202838216
australia,1941,364.2445642073964
australia,1942,359.15966878309973
australia,1943,332.8979537157976
australia,1944,284.9801752921536
australia,1945,215.4957648231191
australia,1946,185.39622063851138
australia,1947,186.96815510132467
australia,1948,140.46837775879894
australia,1949,121.371944323379
australia,1950,109.13421934928722
australia,1951,105.01919316288839
australia,1952,94.22266303000248
australia,1953,62.30375553193067
australia,1954,68.72478443161143
australia,1955,64.0417571517308
australia,1956,56.09688261609462
australia,1957,62.62536418010692
australia,1958,49.88674360910366
australia,1959,45.81982236007332
australia,1960,52.5342340856004
australia,1961,45.002625153133934
australia,1962,35.85272543982858
australia,1963,27.15442808107294
australia,1964,32.72979589699279
australia,1965,33.20559648918126
australia,1966,29.49971170736286
australia,1967,23.11422789756472
australia,1968,28.226777249217538
australia,1969,17.587688617967423
australia,1970,25.629475450069123
australia,1971,18.454123411045696
australia,1972,12.454287105284015
australia,1973,11.305366011224613
australia,1974,11.420320829441588
australia,1975,5.57911180540058
australia,1976,13.16886879417058
australia,1977,7.954359651952575
australia,1978,6.6910219866982485
australia,1979,8.067082270794025
australia,1980,9.754929564974482
australia,1981,10.600317161489473
australia,1982,10.42087843836884
australia,1983,6.183782001071856
australia,1984,7.69119016894981
australia,1985,4.4471756391804265
australia,1986,6.1624926050088735
australia,1987,5.3287642595682065
australia,1988,4.874224693634669
australia,1989,5.182317931218682
australia,1990,6.091803478419786
australia,1991,5.053508884457351
australia,1992,3.407142127040973
australia,1993,5.7641538798519765
australia,1994,6.200324742008363
australia,1995,9.368047152504001
australia,1996,4.727499074198097
australia,1997,4.7648922737271775
australia,1998,2.8043074161912696
australia,1999,4.4199783019247
australia,2000,6.008748738162765
australia,2001,4.870248463842463
australia,2002,4.781105072752482
australia,2003,3.1852078945377666
australia,2004,4.326518411302439
australia,2005,3.4643232444541963
australia,2006,3.7601194213928233
australia,1871-1980,643
australia,1881-1990,592
australia,1891-1900,560
australia,1901-5,609
belgium,1851,660
belgium,1855,550
belgium,1864,833.0213997043503
belgium,1865,761.8854767162989
belgium,1866,637.1222372575552
belgium,1867,536.7943548387098
belgium,1868,650.5776571595247
belgium,1869,702.010558238796
belgium,1870,772.4867087731128
belgium,1871,936.2711441233381
belgium,1872,820.9490075757128
belgium,1874,728.4085015189426
belgium,1875,836.3755552290426
belgium,1876,768.7519975776743
belgium,1877,687.4663492873134
belgium,1878,698.6377712535837
belgium,1879,675.0723698054403
belgium,1880,702.8454838131679
belgium,1881,735.6071980817068
belgium,1882,714.523378505648
belgium,1883,775.8212817867261
belgium,1884,789.2233299370084
belgium,1886,765.0879766226265
belgium,1887,753.256293617382
belgium,1888,664.9905364558322
belgium,1889,641.0220585358766
belgium,1890,554.0570914812317
belgium,1891,587.5068869772034
belgium,1892,645.0855548909672
belgium,1893,661.9895469627638
belgium,1894,574.3448366399186
belgium,1895,462.08415138137127
belgium,1896,557.4476372958262
belgium,1897,497.675264292579
belgium,1898,510.3764416055549
belgium,1900,535.4382300848715
belgium,1901,523.292726479108
belgium,1902,547.1429512282853
belgium,1903,622.0253765705496
belgium,1904,460.65060428042756
belgium,1905,526.9931729226141
belgium,1906,548.0575646857058
belgium,1907,564.2784416697925
belgium,1908,505.4946240619757
belgium,1909,584.1344802383763
belgium,1910,543.6738181981739
belgium,1911,591.4323173866085
belgium,1912,650.351839185727
belgium,1913,551.1208056806053
belgium,1920,604.4255835101546
belgium,1921,571.6785234777009
belgium,1922,534.9493800918717
belgium,1923,563.2183908045977
belgium,1924,576.3127664959794
belgium,1925,498.2939548058971
belgium,1926,613.870696448556
belgium,1927,566.6593755126593
belgium,1928,603.0890586272802
belgium,1929,619.098370114927
belgium,1930,521.8645512358224
belgium,1931,493.12761848760834
belgium,1932,480.6802207974766
belgium,1933,514.7816930760399
belgium,1934,535.5243644861213
belgium,1935,415.78422822972465
belgium,1936,457.13927875319956
belgium,1937,383.85031391807047
belgium,1938,401.9160242496819
belgium,1939,381.48270637368387
belgium,1940,376.01002693405155
belgium,1941,392.58169674803213
belgium,1942,371.0763054427594
belgium,1943,381.0326796325872
belgium,1944,361.8571136388666
belgium,1945,342.46050595283697
belgium,1946,286.3456283259895
belgium,1947,240.96866741664283
belgium,1948,208.0895649399
belgium,1949,160.29326227224155
belgium,1950,148.27832390576089
belgium,1951,112.42744916171283
belgium,1952,89.68671267389637
belgium,1953,84.17450812660394
belgium,1954,94.25197592535244
belgium,1955,80.43164985421762
belgium,1956,57.25317888289728
belgium,1957,71.30194739355404
belgium,1958,59.33646354677261
belgium,1959,51.189039225971165
belgium,1960,40.70188133140376
belgium,1961,34.71542816746722
belgium,1962,32.89028188906301
belgium,1963,30.780441228202424
belgium,1964,29.843693654484635
belgium,1965,23.151720944590213
belgium,1966,27.135066447821252
belgium,1967,17.784709254205058
belgium,1968,21.833446022086996
belgium,1969,20.45148414304755
belgium,1970,20.4
belgium,1971,20.49
belgium,1972,13.21
belgium,1973,12.36
belgium,1974,16.98
belgium,1975,12.58
belgium,1976,5.79
belgium,1977,10.67
belgium,1978,13.12
belgium,1979,8.88
belgium,1980,5.6
belgium,1981,9.69
belgium,1982,7.48
belgium,1983,5.12
belgium,1984,8.58
belgium,1985,6.14
belgium,1986,3.42
belgium,1987,3.41
belgium,1988,3.34
belgium,1989,6.62
belgium,1990,3.23
belgium,1991,3.97
belgium,1992,5.61
belgium,1993,4.96
belgium,1994,6.01
belgium,1995,9.52
belgium,1996,5.15
belgium,1997,8.6
belgium,1998,11.38
belgium,1999,5.29
belgium,2004,0.86
belgium,1856-60,440
denmark,1921,187
denmark,1922,263
denmark,1923,289
denmark,1924,244
denmark,1925,244
denmark,1926,275
denmark,1927,309
denmark,1928,271
denmark,1929,315
denmark,1930,380
denmark,1931,401
denmark,1932,347
denmark,1933,361
denmark,1934,383
denmark,1935,397
denmark,1936,382
denmark,1937,348
denmark,1938,309
denmark,1939,295
denmark,1940,239
denmark,1970,8.47
denmark,1971,5.31
denmark,1972,3.97
denmark,1973,2.78
denmark,1974,7.01
denmark,1975,5.55
denmark,1976,3.06
denmark,1977,4.85
denmark,1978,8.06
denmark,1979,11.77
denmark,1980,1.75
denmark,1981,3.77
denmark,1982,11.39
denmark,1983,3.94
denmark,1984,7.72
denmark,1985,1.86
denmark,1986,3.62
denmark,1987,8.89
denmark,1988,3.4
denmark,1989,8.15
denmark,1990,1.58
denmark,1991,3.1
denmark,1992,7.38
denmark,1993,7.42
denmark,1994,4.31
denmark,1995,10.03
denmark,1996,5.91
denmark,1997,17.74
denmark,1998,15.11
denmark,1999,13.59
denmark,2000,...
denmark,2001,3.06
denmark,2002,3.12
denmark,2003,1.55
denmark,2004,...
denmark,2005,3.11
denmark,2006,9.23
denmark,2007,14.04
denmark,2008,7.69
finland,1751,933.6870026525199
finland,1752,794.019077081722
finland,1753,636.8118323746919
finland,1754,899.6439911478881
finland,1755,747.426315047243
finland,1756,857.9418874721524
finland,1757,950.35390783547
finland,1758,923.2919099665619
finland,1759,838.1719423112943
finland,1760,1060.8328197904746
finland,1761,769.196958375456
finland,1762,823.202833349287
finland,1763,889.5579581223485
finland,1764,909.090909090909
finland,1765,921.0820478426112
finland,1766,865.524781341108
finland,1767,913.3887180428696
finland,1768,777.9592538468152
finland,1769,871.0950909715071
finland,1770,684.1205104591501
finland,1771,847.6154992548436
finland,1772,839.9071925754059
finland,1772,735.771804982701
finland,1773,701.5479315651307
finland,1774,881.2964664606131
finland,1775,1009.6881003965173
finland,1775,904.7625897210916
finland,1776,852.7002173549573
finland,1777,732.9252577319587
finland,1778,805.4892601431982
finland,1779,727.6919197377428
finland,1780,837.7929507289168
finland,1781,828.9825036865808
finland,1782,891.6421972355511
finland,1783,888.8062476757159
finland,1784,748.907842729353
finland,1785,721.1805170309553
finland,1786,706.2870526238747
finland,1787,722.0088206003699
finland,1788,762.6085931050749
finland,1789,1093.0319215004347
finland,1790,1122.3043628145708
finland,1791,983.245496735625
finland,1792,897.321280752293
finland,1793,894.749968824043
finland,1794,844.8515845013433
finland,1795,801.0722523533445
finland,1796,825.5900540680545
finland,1797,695.636185339544
finland,1798,878.9939689464903
finland,1799,804.8226234061356
finland,1800,825.3315777642185
finland,1801,834.9100519566327
finland,1802,867.7563150074294
finland,1803,806.5822292766674
finland,1804,789.1045125087679
finland,1805,842.1052631578947
finland,1806,757.975831754217
finland,1808,1010.6971597196606
finland,1809,1131.757434683148
finland,1810,912.9798168298354
finland,1811,922.5794179189652
finland,1812,965.1760597536133
finland,1813,806.8107400130975
finland,1815,779.989241527703
finland,1816,902.8766068637285
finland,1817,925.6092834507443
finland,1819,876.7097036912832
finland,1820,867.0452686438103
finland,1821,864.4360825790706
finland,1822,811.2266306121497
finland,1823,884.7217702570779
finland,1824,877.4558061892736
finland,1825,787.6142975893599
finland,1826,784.4782380702674
finland,1827,905.7740443765643
finland,1828,911.0239753418778
finland,1829,845.6700910120699
finland,1830,843.4768401274407
finland,1831,883.9710700377078
finland,1832,800.9057363300905
finland,1833,1161.669719463993
finland,1834,843.9826426211234
finland,1835,923.7243556023145
finland,1836,912.4509124509125
finland,1837,1000.453720508167
finland,1838,913.7328675087342
finland,1839,949.7113212283491
finland,1840,897.698517893722
finland,1841,853.5598705501617
finland,1842,766.3394518848302
finland,1843,869.4516484131575
finland,1844,754.8377381221294
finland,1845,774.3604693535457
finland,1846,875.901092938532
finland,1847,864.4829076694667
finland,1848,784.1988245635201
finland,1849,702.9177718832891
finland,1850,798.0229624671781
finland,1851,757.6840600428878
finland,1852,874.8213332414884
finland,1853,900.7157779376006
finland,1854,857.8372968593623
finland,1855,1020.3743581248965
finland,1856,1029.0448311290138
finland,1857,949.4695198705268
finland,1858,1092.3151280811987
finland,1859,987.7306603313048
finland,1860,933.7954829621892
finland,1861,852.1958697808639
finland,1862,940.7791581232661
finland,1863,857.1472538971731
finland,1864,861.0655335380818
finland,1865,841.0321758521821
finland,1866,961.7181791922247
finland,1867,961.7334865796768
finland,1868,1437.4842882281694
finland,1869,962.4111653394982
finland,1870,820.4178954633871
finland,1871,821.7284840837051
finland,1873,755.6049223933823
finland,1874,794.0985641343902
finland,1876,1067.0020774742436
finland,1877,902.0325800804479
finland,1878,819.6371398078975
finland,1879,778.726198292843
finland,1880,874.5186136071886
finland,1881,840.7421724004639
finland,1882,690.3080746321644
finland,1883,705.7005944120035
finland,1884,662.8533404993154
finland,1885,713.4395506395666
finland,1886,839.9511301160659
finland,1887,808.8199304977729
finland,1888,755.8748690315821
finland,1889,657.4132330093347
finland,1890,590.8040071923966
finland,1891,602.7177089421391
finland,1892,559.9675532819593
finland,1893,627.1395316993016
finland,1894,488.150539327612
finland,1895,555.1275937542032
finland,1896,499.6570980699519
finland,1897,476.13263694886433
finland,1898,424.2138576526834
finland,1899,505.8964666470495
finland,1900,494.5621329874101
finland,1901,459.1761905299142
finland,1902,483.45237821823105
finland,1903,417.05827067669173
finland,1904,452.0625353173856
finland,1905,401.8624560285061
finland,1906,381.8338967844991
finland,1907,400.1860324258845
finland,1908,389.5991144488095
finland,1909,415.7675911794116
finland,1910,372.10702916630817
finland,1911,425.2614042394616
finland,1912,370.6312652397724
finland,1913,393.12320916905446
finland,1914,411.06683261586943
finland,1915,340.91181907665714
finland,1916,364.0791935018141
finland,1917,378.7972262665647
finland,1918,442.8007145193348
finland,1919,400.6510579692
finland,1920,360.03494109592276
finland,1921,329.8241343637802
finland,1922,303.21936610930874
finland,1923,308.6833982015837
finland,1924,347.182187375892
finland,1925,293.89215435727067
finland,1926,320
finland,1927,296.25319067331475
finland,1928,300.5559640364795
finland,1929,359.1585428424833
finland,1930,326.9711308416184
finland,1931,300.5593743912281
finland,1932,294.15157457607563
finland,1933,250.58803634295202
finland,1934,236.29140637691435
finland,1935,241.62877813045094
finland,1936,542.8550693083678
finland,1937,503.3255437713464
finland,1938,430.2757676510855
finland,1939,401.71946164474696
finland,1940,476.84854743428144
finland,1941,343.8843298163345
finland,1942,426.44960435854193
finland,1943,412.54992642421695
finland,1944,443.06824761473206
finland,1945,402.05518076818646
finland,1946,266.7923638934716
finland,1947,214.48117742770503
finland,1948,172.60739242197866
finland,1949,155.5330145389557
finland,1950,145.82164890633763
finland,1951,121.42312197113783
finland,1952,125.11398095722797
finland,1953,133.163119318557
finland,1954,106.85068729478547
finland,1955,104.74704702473814
finland,1956,111.36609071274299
finland,1958,99.81761719327648
finland,1959,67.26484330894982
finland,1960,71.83820574949165
finland,1961,54.880725889067755
finland,1962,51.5628452869104
finland,1963,49.847418268470896
finland,1964,42.2738349828418
finland,1965,25.678885536367723
finland,1966,30.889223522143713
finland,1967,88.52100936943151
finland,1967,20.701522855775078
finland,1968,28.511689792815055
finland,1969,14.825796886582655
finland,1970,12.391765671711148
finland,1971,8.187728232924494
finland,1972,11.891818428920901
finland,1973,10.56579851022241
finland,1974,4.802151363810988
finland,1975,10.651409790167227
finland,1976,7.479879125153338
finland,1977,7.615102270823497
finland,1978,3.125830298673085
finland,1979,6.306363120388472
finland,1980,1.5856907268806293
finland,1981,4.726716979942965
finland,1982,4.538165975856957
finland,1983,2.989894157746816
finland,1984,1.5366648226688795
finland,1985,6.36983247340595
finland,1986,6.5971764084971625
finland,1987,5.014458354923363
finland,1988,11.055657337797713
finland,1989,3.1571636042179705
finland,1990,6.102305145768814
finland,1991,4.587506690113923
finland,1992,4.4956616864725545
finland,1993,3.085181871471323
finland,1994,10.73109411169536
finland,1995,1.5856152980163953
finland,1996,3.293644912142022
finland,1997,5.056549073808761
finland,1998,5.253204454717378
finland,1999,3.4737902525445516
finland,2000,5.287088928835783
finland,2001,5.339123315951521
finland,2002,5.400054000540005
finland,2003,3.5316969803990816
finland,2004,12.119533224834655
finland,2005,5.195255000432938
finland,2006,6.798096532970769
finland,2007,1.702736297229648
finland,2008,8.399126490844953
germany,1952,183.71126795815186
germany,1953,164.8042447142053
germany,1954,148.15668089820446
germany,1955,153.2687580475243
germany,1956,139.1538836318346
germany,1957,127.32171597394388
germany,1958,118.41254222109204
germany,1959,108.62006298703072
germany,1960,106.33586233738613
germany,1961,97.66097520754191
germany,1962,87.08441002521226
germany,1963,82.81765979871419
germany,1964,69.36121047044546
germany,1965,69.32687814556346
germany,1966,65.12146009168416
germany,1967,58.16810680959215
germany,1968,51.55569303740365
germany,1969,53.129316756986505
germany,1970,51.80017957395586
germany,1971,50.480009659279204
germany,1972,42.78294500680249
germany,1973,45.93845819836289
germany,1974,34.0052971631919
germany,1975,39.63284663753597
germany,1976,36.3273843785612
germany,1977,34.000522028217
germany,1978,25.500114490309958
germany,1979,21.993731786440865
germany,1980,20.623307237330764
germany,1981,20.014186055075836
germany,1982,17.708432272490917
germany,1983,11.444401247439735
germany,1984,10.78477190207427
germany,1985,10.748010338562326
germany,1986,7.987692563298469
germany,1987,8.722605566891481
germany,1988,8.859239965803333
germany,1989,5.2821783703599365
germany,1990,9.054020481960968
germany,1991,8.674500222284069
germany,1992,6.673966832856681
germany,1993,5.510697641797139
germany,1994,5.197484937038967
germany,1995,5.357929277947155
germany,1996,6.406930540079119
germany,1997,6.033197360660845
germany,1998,5.604852783446322
germany,1999,4.800556345557021
germany,2000,5.606265457973218
germany,2001,3.6760951700194013
germany,2002,2.9197080291970803
germany,2003,4.244956637767945
germany,2004,5.243600681384651
germany,2005,4.082852747541175
germany,2006,6.094624244117945
germany,2007,4.088414892343275
germany,2008,5.274617077451891
ireland,1901,618
ireland,1902,623
ireland,1903,563
ireland,1904,562
ireland,1905,557
ireland,1906,586
ireland,1907,496
ireland,1908,520
ireland,1909,546
ireland,1910,531
ireland,1911,505
ireland,1912,543
ireland,1913,536
ireland,1914,521
ireland,1915,530
ireland,1916,574
ireland,1917,485
ireland,1918,483
ireland,1919,471
ireland,1920,487
ireland,1921,495
ireland,1922,566
ireland,1923,482
ireland,1924,478
ireland,1925,469
ireland,1926,489
ireland,1927,451
ireland,1928,493
ireland,1929,410
ireland,1930,477
ireland,1931,431
ireland,1932,455
ireland,1933,444
ireland,1934,468
ireland,1935,467
ireland,1936,470
ireland,1937,361
ireland,1938,411
ireland,1939,339
ireland,1940,367
ireland,1941,321
ireland,1942,247
ireland,1943,225
ireland,1944,238
ireland,1945,237
ireland,1946,201
ireland,1947,188
ireland,1948,158
ireland,1949,181
ireland,1950,156
ireland,1951,163.80928146569548
ireland,1952,142.3465519642277
ireland,1953,132.67687585920265
ireland,1954,110.33997505357085
ireland,1955,113.59579371003862
ireland,1956,85.61080013170891
ireland,1957,132.2621730185167
ireland,1958,102.5037808771635
ireland,1959,64.79696949558051
ireland,1960,57.62739771136906
ireland,1961,45.13163393230255
ireland,1962,43.70204914052637
ireland,1963,34.78480852544035
ireland,1964,46.82232488450493
ireland,1965,28.335301062573787
ireland,1966,28.931929598971312
ireland,1967,22.83589149689269
ireland,1968,36.06320896990361
ireland,1969,31.790437436419126
ireland,1970,31.06
ireland,1971,25.17
ireland,1972,41.39
ireland,1973,11.64
ireland,1974,21.77
ireland,1975,7.44
ireland,1976,16.24
ireland,1977,11.61
ireland,1978,17.07
ireland,1979,9.65
ireland,1980,6.75
ireland,1981,4.16
ireland,1982,5.65
ireland,1983,11.92
ireland,1984,6.24
ireland,1985,6.41
ireland,1986,4.87
ireland,1987,3.42
ireland,1988,1.83
ireland,1989,3.84
ireland,1990,3.77
ireland,1991,7.59
ireland,1992,3.91
ireland,1993,0
ireland,1994,2.07
ireland,1995,0
ireland,1996,5.92
ireland,1997,5.68
ireland,1998,3.71
ireland,1999,1.85
ireland,2000,1.83
ireland,2001,5.19
ireland,2002,8.26
ireland,2003,0
ireland,2004,1.62
ireland,2005,1.64
ireland,2006,1.56
ireland,2007,1.42
ireland,2008,2.66
ireland,1871-80,660
ireland,1881-90,710
ireland,1891-1900,660
japan,1935,260
japan,1940,240
japan,1947,168
japan,1950,176
japan,1951,173
japan,1952,170
japan,1953,181
japan,1954,184
japan,1955,179
japan,1956,170
japan,1957,171
japan,1958,155
japan,1959,146
japan,1960,131
japan,1961,120
japan,1962,112
japan,1963,103
japan,1964,99
japan,1965,88
japan,1966,93
japan,1967,71
japan,1968,68
japan,1969,58
japan,1970,52
japan,1971,45
japan,1972,41
japan,1973,38
japan,1974,35
japan,1975,29
japan,1976,26
japan,1977,23
japan,1978,22
japan,1979,21
japan,1980,19
japan,1981,17
japan,1982,16
japan,1983,13
japan,1984,14
japan,1985,14
japan,1986,12
japan,1987,11
japan,1988,8
japan,1989,9
japan,1990,7
malaysia,1933,1084.7553137161674
malaysia,1934,974.0541102656983
malaysia,1935,955.7288805888169
malaysia,1936,1008.3351980308794
malaysia,1937,901.6658579977358
malaysia,1938,854.772984833506
malaysia,1939,834.0896818740594
malaysia,1940,765.8922644881287
malaysia,1946,668.0800173950859
malaysia,1947,700.1399331167137
malaysia,1948,583.0094392004441
malaysia,1949,533.7055956046719
malaysia,1950,533.9115856991873
malaysia,1951,569.7822203902172
malaysia,1952,519.9816861796063
malaysia,1953,471.59785856074427
malaysia,1954,475.86913017173174
malaysia,1955,417.99927904711507
malaysia,1956,396.244111664963
malaysia,1957,282.1613976992463
malaysia,1958,277.3496594387664
malaysia,1959,209.6057499955742
malaysia,1960,242.25919966048346
malaysia,1961,200.31434973079624
malaysia,1962,230.02457842798657
malaysia,1963,223.3690723849149
malaysia,1964,206.49102911195746
malaysia,1965,203.58720657993854
malaysia,1966,180.07474556763955
malaysia,1967,168.21025617158776
malaysia,1968,169.16916269350946
malaysia,1969,157.55332121729256
malaysia,1970,148.4024027055676
malaysia,1971,123.79677934436191
malaysia,1972,107.02228333663048
malaysia,1973,105.1204918845658
malaysia,1974,96.0919407689277
malaysia,1975,83.30939385234127
malaysia,1976,77.73171453953212
malaysia,1977,78.78851796936553
malaysia,1978,84.19645012908059
malaysia,1979,68.68376922253542
malaysia,1980,62.61397474665866
malaysia,1981,58.85294775902896
malaysia,1982,50.56766279524991
malaysia,1983,39.62674859813592
malaysia,1984,39.38811971928885
malaysia,1985,37.118429914996334
malaysia,1986,30.067116762293352
malaysia,1987,27.819251432436225
malaysia,1988,26.23828779233008
malaysia,1989,20.03793849688744
malaysia,1990,20.02733731543557
malaysia,1991,18.16842377724019
malaysia,1992,21.00825117175332
malaysia,1993,21.69355960659201
malaysia,1994,20.252687602293733
malaysia,1995,21.129786190041298
malaysia,1996,17.09302997054917
malaysia,1997,19.444804533417287
netherlands,1905,240
netherlands,1906,250
netherlands,1907,230
netherlands,1908,250
netherlands,1909,220
netherlands,1910,250
netherlands,1911,240
netherlands,1912,240
netherlands,1913,210
netherlands,1914,210
netherlands,1915,250
netherlands,1916,260
netherlands,1917,250
netherlands,1918,300
netherlands,1919,340
netherlands,1920,240
netherlands,1921,231
netherlands,1922,249
netherlands,1923,232
netherlands,1924,239
netherlands,1925,264
netherlands,1926,285
netherlands,1927,290
netherlands,1928,334
netherlands,1929,333
netherlands,1930,333
netherlands,1931,320
netherlands,1932,300
netherlands,1933,317
netherlands,1934,318
netherlands,1935,293
netherlands,1936,302
netherlands,1937,257
netherlands,1938,268
netherlands,1939,247
netherlands,1940,235
netherlands,1941,192
netherlands,1942,195
netherlands,1943,195
netherlands,1944,229
netherlands,1945,194
netherlands,1946,149
netherlands,1947,140
netherlands,1948,122
netherlands,1949,109
netherlands,1950,105
netherlands,1951,85.25358333333334
netherlands,1952,75.86595129310345
netherlands,1953,78.15406271929825
netherlands,1954,69.83269078947367
netherlands,1955,61.031877729257644
netherlands,1956,66.00491515151515
netherlands,1957,61.29993888888889
netherlands,1958,42.45864303797469
netherlands,1959,51.29517283950618
netherlands,1960,38.448974058577406
netherlands,1961,37.719083400809716
netherlands,1962,33.60017642276422
netherlands,1963,33.520916799999995
netherlands,1964,33.8414609561753
netherlands,1965,25.0913
netherlands,1966,20.752253333333332
netherlands,1967,26.36868619246862
netherlands,1968,21.524209282700422
netherlands,1969,20.80305483870968
netherlands,1970,13.39
netherlands,1971,13.21
netherlands,1972,10.74
netherlands,1973,10.26
netherlands,1974,13.98
netherlands,1975,10.68
netherlands,1976,5.08
netherlands,1977,12.7
netherlands,1978,10.82
netherlands,1979,6.86
netherlands,1980,8.83
netherlands,1981,7.84
netherlands,1982,6.39
netherlands,1983,5.29
netherlands,1984,9.75
netherlands,1985,4.49
netherlands,1986,8.13
netherlands,1987,7.5
netherlands,1988,9.64
netherlands,1989,5.29
netherlands,1990,7.58
netherlands,1991,6.04
netherlands,1992,7.12
netherlands,1993,8.17
netherlands,1994,6.13
netherlands,1995,7.35
netherlands,1996,12.14
netherlands,1997,7.79
netherlands,1998,11.53
netherlands,1999,9.48
netherlands,2000,8.71
netherlands,2001,6.91
netherlands,2002,9.9
netherlands,2003,3.99
netherlands,2004,5.15
netherlands,2005,8.51
netherlands,2006,8.11
netherlands,2007,4.96
netherlands,2008,4.33
netherlands,1876-1880,410
netherlands,1881-1885,400
netherlands,1886-1890,360
netherlands,1891-1895,300
netherlands,1896-1900,250
netherlands,1901-1905,240
new_zealand,1912,360
new_zealand,1913,360
new_zealand,1914,410
new_zealand,1915,470
new_zealand,1916,580
new_zealand,1917,600
new_zealand,1918,520
new_zealand,1919,500
new_zealand,1920,640
new_zealand,1921,510
new_zealand,1922,510
new_zealand,1923,510
new_zealand,1924,500
new_zealand,1925,460
new_zealand,1926,420
new_zealand,1927,490
new_zealand,1928,490
new_zealand,1929,480
new_zealand,1930,510
new_zealand,1931,480
new_zealand,1932,400
new_zealand,1933,440
new_zealand,1934,480
new_zealand,1935,420
new_zealand,1936,370
new_zealand,1937,360
new_zealand,1938,410
new_zealand,1939,360
new_zealand,1940,290
new_zealand,1941,340
new_zealand,1942,250
new_zealand,1943,220
new_zealand,1944,270
new_zealand,1945,220
new_zealand,1946,200
new_zealand,1947,100
new_zealand,1948,100
new_zealand,1949,100
new_zealand,1950,90
new_zealand,1950,105.23333468247864
new_zealand,1951,72.16019563430817
new_zealand,1952,90.50993683561855
new_zealand,1953,63.531178407100086
new_zealand,1954,62.810589126378595
new_zealand,1955,61.06760543142467
new_zealand,1956,54.777092573286446
new_zealand,1957,75.23425210313931
new_zealand,1958,51.12558753195349
new_zealand,1959,58.18746060224022
new_zealand,1960,38.186157517899765
new_zealand,1961,38.18192925652147
new_zealand,1962,29.173768176025305
new_zealand,1963,40.20100502512563
new_zealand,1964,32.021005779791544
new_zealand,1965,21.602579015587093
new_zealand,1966,36.5521366385326
new_zealand,1967,22.88741028952574
new_zealand,1968,24.083231648577485
new_zealand,1969,22.609453981686343
new_zealand,1970,32.15072258749015
new_zealand,1971,21.718895439031957
new_zealand,1972,15.819030293443012
new_zealand,1973,23.053995751477924
new_zealand,1974,16.853175138196036
new_zealand,1975,22.952382633874183
new_zealand,1976,10.888304146629164
new_zealand,1977,18.45733586814079
new_zealand,1978,9.798349957867096
new_zealand,1979,11.476883643527993
new_zealand,1980,13.849867436983104
new_zealand,1981,3.937472929873607
new_zealand,1982,14.017381553125876
new_zealand,1983,17.83096247573008
new_zealand,1984,5.809900069718801
new_zealand,1985,13.514035290937873
new_zealand,1986,17.037710131758292
new_zealand,1987,12.668766062185542
new_zealand,1988,17.37740242588538
new_zealand,1989,10.32862233392436
new_zealand,1990,6.649709906405333
new_zealand,1991,15.001500150015003
new_zealand,1992,8.436540343535922
new_zealand,1993,16.987446277201148
new_zealand,1994,6.964394532950292
new_zealand,1995,3.4607464830163863
new_zealand,1996,6.964515792039558
new_zealand,1997,5.196244847057193
new_zealand,1998,6.928326462742924
new_zealand,1999,6.966092544539455
new_zealand,2000,8.788272928604071
new_zealand,2001,5.335799658508822
new_zealand,2002,14.674860130239384
new_zealand,2003,7.0701357466063355
new_zealand,2004,6.8116410946307235
new_zealand,2005,8.51397142711189
new_zealand,2006,11.613631084713143
new_zealand,1872-6,510
new_zealand,1873-7,520
new_zealand,1874-8,620
new_zealand,1875-9,490
new_zealand,1876-80,440
new_zealand,1877-81,450
new_zealand,1878-82,470
new_zealand,1879-83,470
new_zealand,1880-4,520
new_zealand,1881-5,590
new_zealand,1882-6,600
new_zealand,1883-7,600
new_zealand,1884-8,620
new_zealand,1885-9,560
new_zealand,1886-90,590
new_zealand,1887-91,510
new_zealand,1888-92,500
new_zealand,1889-93,470
new_zealand,1890-4,510
new_zealand,1891-5,510
new_zealand,1892-6,500
new_zealand,1893-7,500
new_zealand,1894-8,510
new_zealand,1896-1900,440
new_zealand,1897-01,440
new_zealand,1899-03,480
new_zealand,1900-4,480
new_zealand,1901-5,490
new_zealand,1902-6,480
new_zealand,1903-7,460
new_zealand,1904-8,440
new_zealand,1906-10,450
new_zealand,1906-9,450
new_zealand,1907-11,460
new_zealand,1989-02,460
sri_lanka,1900,1721.4132935443326
sri_lanka,1901,1540.3867353931412
sri_lanka,1902,1627.2825297935767
sri_lanka,1903,1453.7888358204923
sri_lanka,1904,1391.3654106971971
sri_lanka,1905,1484.232516496999
sri_lanka,1906,1686.3239969826645
sri_lanka,1907,1496.1312239749086
sri_lanka,1908,1533.7900480981625
sri_lanka,1909,1377.5177814642927
sri_lanka,1910,903.8228405679358
sri_lanka,1911,2327.3954909909335
sri_lanka,1912,2331.1135694815007
sri_lanka,1913,2029.1475001074762
sri_lanka,1914,2493.571838176807
sri_lanka,1915,2329.9161230195714
sri_lanka,1916,2298.0883563523275
sri_lanka,1917,2044.8430493273543
sri_lanka,1918,2186.668411638965
sri_lanka,1919,2270.09411225318
sri_lanka,1920,1767.0520831424574
sri_lanka,1921,2099.8602630534424
sri_lanka,1922,2029.401298816831
sri_lanka,1923,2156.1203062219947
sri_lanka,1924,1910.357975478987
sri_lanka,1925,1850.3474575832684
sri_lanka,1926,1909.7289354626657
sri_lanka,1927,1749.6556658182012
sri_lanka,1928,1917.8839987248487
sri_lanka,1929,2035.80717658645
sri_lanka,1930,2135.96871861379
sri_lanka,1931,2079.630466435708
sri_lanka,1932,1916.537091839294
sri_lanka,1933,1857.1319223850892
sri_lanka,1934,2011.9896180367243
sri_lanka,1935,2679.5673263987965
sri_lanka,1936,2164.9484536082473
sri_lanka,1937,1991.9286163871304
sri_lanka,1938,2013.0621098042602
sri_lanka,1939,1824.0449575929583
sri_lanka,1940,1607.1931636773406
sri_lanka,1941,1531.8560564712732
sri_lanka,1942,1444.8304563384359
sri_lanka,1943,1334.6997829756451
sri_lanka,1944,1365.3914709204687
sri_lanka,1945,1693.9629508499163
sri_lanka,1946,1552.0503258254635
sri_lanka,1947,1055.7135008167675
sri_lanka,1948,826.2222144979927
sri_lanka,1949,654.553197042491
sri_lanka,1950,555.4187798512975
sri_lanka,1951,577.0542813601903
sri_lanka,1952,579.8451194774377
sri_lanka,1953,485.03036887835947
sri_lanka,1954,456.738204768768
sri_lanka,1955,405.17543266838277
sri_lanka,1956,376.5377599079574
sri_lanka,1957,370.80820626393523
sri_lanka,1958,385.4746939140278
sri_lanka,1959,338.72524808046336
sri_lanka,1960,302.45893027962245
sri_lanka,1961,260.94583930245796
sri_lanka,1962,295.8771395126793
sri_lanka,1963,245.18781331831775
sri_lanka,1964,278.5022277412557
sri_lanka,1965,239.283017131473
sri_lanka,1966,221.85922910012923
sri_lanka,1967,170.48637326773667
sri_lanka,1968,179.3439499398716
sri_lanka,1969,153.175918921384
sri_lanka,1970,145.41955580441478
sri_lanka,1971,136.14935139598816
sri_lanka,1972,133.34647773321365
sri_lanka,1973,120.92886441259621
sri_lanka,1974,102.48645812266672
sri_lanka,1975,102.4325740906781
sri_lanka,1976,93.24878776575905
sri_lanka,1977,98.32564014356058
sri_lanka,1978,84.23267980959956
sri_lanka,1979,75.83986066518975
sri_lanka,1980,64.53571334670258
sri_lanka,1981,57.811242752947784
sri_lanka,1982,60.162144315777894
sri_lanka,1983,58.25405680264217
sri_lanka,1984,43.98257062782562
sri_lanka,1985,50.56481151132318
sri_lanka,1986,46.995728917577786
sri_lanka,1987,37.17960544890879
sri_lanka,1988,38.64268302249702
sri_lanka,1989,34.67797645750709
sri_lanka,1990,0
sri_lanka,1991,42.34519466170116
sri_lanka,1992,26.90266280314537
sri_lanka,1993,25.377309263858436
sri_lanka,1994,20.7823720550115
sri_lanka,1995,23.599748269351792
sri_lanka,1996,23.48458383849652
sweden,1751,1046.2799730547076
sweden,1752,1050.2276010999426
sweden,1753,1070.6401766004415
sweden,1754,1097.5305562484411
sweden,1755,1019.8834418923551
sweden,1756,1022.9162680482169
sweden,1757,1094.4999351407446
sweden,1758,1205.026682733689
sweden,1759,1073.3090319967598
sweden,1760,1098.4987184181618
sweden,1761,1119.95722179312
sweden,1762,1148.3646057623296
sweden,1763,1078.7834371564677
sweden,1764,1116.5657472937605
sweden,1765,1034.1131218866258
sweden,1766,974.973699417683
sweden,1767,1020.3156176310539
sweden,1768,920.1374340065365
sweden,1769,820.3723104198566
sweden,1770,871.8777351376825
sweden,1771,943.847072879331
sweden,1772,1059.560423074038
sweden,1773,942.5091298738218
sweden,1774,853.7696250915392
sweden,1775,913.6970343443418
sweden,1776,945.1173919545387
sweden,1777,892.2899646924998
sweden,1778,947.0404984423676
sweden,1779,907.2224331365285
sweden,1780,830.7262197963123
sweden,1781,858.9905806270209
sweden,1782,937.2536424421152
sweden,1783,784.9897643491512
sweden,1784,703.6839926674945
sweden,1785,883.0707787885513
sweden,1786,883.9078029181645
sweden,1787,951.2937595129375
sweden,1788,948.6614683982216
sweden,1789,990.9948726787023
sweden,1790,986.6842610364683
sweden,1791,1120.1899573992598
sweden,1792,1073.8272010927994
sweden,1793,961.5384615384615
sweden,1794,950.1250164495328
sweden,1795,1090.5528023515046
sweden,1796,911.310827480301
sweden,1797,823.6494388732675
sweden,1798,842.3142010102681
sweden,1799,844.9132502590537
sweden,1800,895.5665753830211
sweden,1801,839.5984652196689
sweden,1802,841.7485959740138
sweden,1803,818.5520604469215
sweden,1804,754.8107740407885
sweden,1805,667.5201170446232
sweden,1806,866.1723495260187
sweden,1807,866.2746235595052
sweden,1808,870.7056230818113
sweden,1809,1007.7760497667185
sweden,1810,887.0191089259465
sweden,1811,896.750017675756
sweden,1812,828.8212730793424
sweden,1813,738.673442468169
sweden,1814,764.7981855822355
sweden,1815,746.1373315031851
sweden,1816,691.4335265391812
sweden,1817,751.3358377861259
sweden,1818,757.1691905639685
sweden,1819,740.6528189910979
sweden,1820,757.8882851451539
sweden,1821,754.7866505935121
sweden,1822,780.4133221643746
sweden,1823,706.2966242278061
sweden,1824,570.6530450858651
sweden,1825,565.2195583910682
sweden,1826,618.7902187902188
sweden,1827,645.578524586444
sweden,1828,705.7910522893638
sweden,1829,721.6950788034738
sweden,1830,658.3814173694334
sweden,1831,627.74070003286
sweden,1832,569.7625247601878
sweden,1833,593.1671136189176
sweden,1834,574.672506509962
sweden,1835,514.5500489077274
sweden,1836,543.0686475938755
sweden,1837,547.4761139764944
sweden,1838,467.06785181913546
sweden,1839,507.864233880236
sweden,1840,610.2281988590057
sweden,1841,622.5583387302316
sweden,1842,669.4660117255585
sweden,1843,459.8906751114428
sweden,1844,426.00746945832105
sweden,1845,430.25274937295006
sweden,1846,494.46857165782376
sweden,1847,441.62574738603934
sweden,1848,415.5124653739612
sweden,1849,471.9333238353041
sweden,1850,467.3955380030616
sweden,1851,472.6961689100977
sweden,1852,453.34933751904344
sweden,1853,421.8765427666125
sweden,1854,445.4361527637857
sweden,1855,441.4627363737486
sweden,1856,352.7919222815036
sweden,1857,370.34244107617155
sweden,1858,509.9233565046227
sweden,1859,528.0954371034536
sweden,1860,488.1272435079077
sweden,1861,514.0799469336829
sweden,1862,560.0984922178989
sweden,1863,565.9857460958154
sweden,1864,597.0412634922502
sweden,1865,595.7655960262434
sweden,1866,511.7199191175934
sweden,1867,495.99478390461996
sweden,1868,498.4559175329477
sweden,1869,591.4494761083304
sweden,1870,648.3753066639964
sweden,1871,569.373218254498
sweden,1872,468.56665852909447
sweden,1873,556.0493151933639
sweden,1874,907.32388235559
sweden,1875,673.7374777504817
sweden,1876,618.1470306865848
sweden,1877,493.94840983275077
sweden,1878,429.111137553546
sweden,1879,443.74761764346283
sweden,1880,476.679924327062
sweden,1881,488.6900996957923
sweden,1882,372.300819061802
sweden,1883,412.4176857949201
sweden,1884,355.3281199322498
sweden,1885,436.24552101844034
sweden,1886,372.4567850045038
sweden,1887,443.7500445890318
sweden,1888,343.7131277894629
sweden,1889,314.986862927712
sweden,1890,303.89903964909394
sweden,1891,336.4916319844151
sweden,1892,367.22161361497274
sweden,1893,369.69839594925946
sweden,1894,299.06627399949775
sweden,1895,277.11944368085943
sweden,1896,246.4484617446466
sweden,1897,256.3929052098136
sweden,1898,206.5586018473078
sweden,1899,248.72649049162695
sweden,1900,188.21621699882004
sweden,1901,226.01707684580612
sweden,1902,222.7657901633616
sweden,1903,227.78873155284697
sweden,1904,213.40921216432508
sweden,1905,245.92161525452516
sweden,1906,237.88610745132485
sweden,1907,298.26087592201355
sweden,1908,212.4227717211285
sweden,1909,250.1702447940934
sweden,1910,254.3778801843318
sweden,1911,266.2114501003933
sweden,1912,232.56164012403286
sweden,1913,227.3425499231951
sweden,1914,260.3160870707102
sweden,1915,290.25098173126173
sweden,1916,266.2743776658257
sweden,1917,245.74903810351245
sweden,1918,257.72540375566956
sweden,1919,320.33196461590546
sweden,1920,400.712056676252
sweden,1921,269.3328531274712
sweden,1922,251.39808116566618
sweden,1923,231.85083968792702
sweden,1924,238.41181055430744
sweden,1925,263.42528130056826
sweden,1926,294.0974638995363
sweden,1927,277.5680143682266
sweden,1928,330.036375526219
sweden,1929,379.0611774587825
sweden,1930,348.1214179579707
sweden,1931,367.8327513889804
sweden,1932,344.17848271867587
sweden,1933,306.98659139026114
sweden,1934,332.58120622385184
sweden,1935,256.09387004400156
sweden,1936,314.8260586026221
sweden,1937,309.8270501145254
sweden,1938,239.49928682434592
sweden,1939,226.94598480180736
sweden,1940,216.1247885735764
sweden,1941,204.5584445536314
sweden,1942,156.19378559331702
sweden,1943,154.71481434222278
sweden,1944,157.78829699757762
sweden,1945,132.96595332895038
sweden,1946,95.77893919168608
sweden,1947,86.9707017448497
sweden,1948,74.99033019426443
sweden,1949,66.79200474965367
sweden,1950,61.51766683417956
sweden,1951,86.23193667852735
sweden,1952,58.98794830840714
sweden,1953,61.73736199883788
sweden,1954,54.23612696962777
sweden,1955,49.39192022738922
sweden,1956,35.19822156354205
sweden,1958,30.33117855585676
sweden,1959,23.86794344252122
sweden,1960,38.15337657382678
sweden,1961,21.05243012028593
sweden,1962,13.049476156742852
sweden,1963,26.571481714391997
sweden,1964,19.565642731363724
sweden,1965,13.842971841766689
sweden,1966,10.538774583718405
sweden,1967,36.391460137354436
sweden,1967,14.007910349373764
sweden,1968,8.842749387639605
sweden,1969,10.220958540075449
sweden,1970,9.99
sweden,1971,7.86
sweden,1972,7.13
sweden,1973,2.74
sweden,1974,7.28
sweden,1975,1.93
sweden,1976,4.07
sweden,1977,11.45
sweden,1978,6.43
sweden,1979,1.04
sweden,1980,8.24
sweden,1981,4.25
sweden,1982,4.31
sweden,1984,2.13
sweden,1985,5.08
sweden,1986,2.94
sweden,1987,4.78
sweden,1988,8.92
sweden,1989,5.17
sweden,1990,3.23
sweden,1991,4.04
sweden,1993,5.09
sweden,1994,0.89
sweden,1995,3.87
sweden,1996,5.25
sweden,1997,3.32
sweden,1998,7.86
sweden,1999,1.13
sweden,2000,4.42
sweden,2001,3.28
sweden,2002,4.17
sweden,2003,2.02
sweden,2004,1.98
sweden,2005,5.92
sweden,2006,4.72
sweden,2007,1.86
united_kingdom,1847,597.4461307677349
united_kingdom,1848,611.8364150115707
united_kingdom,1849,577.5227921730873
united_kingdom,1850,548.0079943109624
united_kingdom,1851,534.2079838925738
united_kingdom,1852,520.3425575149196
united_kingdom,1853,499.68075951475447
united_kingdom,1854,474.3026930746132
united_kingdom,1855,408.98307504750187
united_kingdom,1856,445.40335241296293
united_kingdom,1857,422.1631053926621
united_kingdom,1858,471.95828829267714
united_kingdom,1859,504.245206071138
united_kingdom,1860,473.2389141383122
united_kingdom,1861,436.3165898072603
united_kingdom,1862,428.38515260084444
united_kingdom,1863,497.0086954651165
united_kingdom,1864,544.674864650578
united_kingdom,1865,517.607807798741
united_kingdom,1866,474.7326373399636
united_kingdom,1867,441.47523382438436
united_kingdom,1868,442.9880271107703
united_kingdom,1869,433.76762843465076
united_kingdom,1870,490.84258905477674
united_kingdom,1871,501.2840373222879
united_kingdom,1872,467.06840575353135
united_kingdom,1873,494.0353541630243
united_kingdom,1874,689.4279596635015
united_kingdom,1875,587.5584740064772
united_kingdom,1876,467.89779813149704
united_kingdom,1877,394.05535840602465
united_kingdom,1878,377.33733295768343
united_kingdom,1879,389.70266936614854
united_kingdom,1880,408.57282702568943
united_kingdom,1881,489.3111754354519
united_kingdom,1882,512.248848470998
united_kingdom,1883,521.785665596249
united_kingdom,1884,487.83228513756546
united_kingdom,1885,512.2687848525535
united_kingdom,1886,431.4666892841565
united_kingdom,1887,472.1386377824761
united_kingdom,1888,480.4417691701134
united_kingdom,1889,417.11085457214875
united_kingdom,1890,498.41717744383806
united_kingdom,1891,529.2657067345548
united_kingdom,1892,574.9498044965786
united_kingdom,1893,627.5665894198038
united_kingdom,1894,532.3784297338211
united_kingdom,1895,460.1678323011866
united_kingdom,1896,491.94677660092884
united_kingdom,1897,459.38168119859876
united_kingdom,1898,437.2967545392618
united_kingdom,1899,464.7486697395361
united_kingdom,1900,474.3990399286513
united_kingdom,1901,472.7490402533336
united_kingdom,1902,455.4702053364355
united_kingdom,1903,421.95409300829357
united_kingdom,1904,397.2457977424694
united_kingdom,1905,435.7957505541137
united_kingdom,1906,419.2527265843615
united_kingdom,1907,401.7099157307127
united_kingdom,1908,376.600840685051
united_kingdom,1909,391.0266550734752
united_kingdom,1910,382.03107281828676
united_kingdom,1911,409.71806841158616
united_kingdom,1912,416.74793953353355
united_kingdom,1913,419.08353301955503
united_kingdom,1914,439.85852865816577
united_kingdom,1915,441.7263691126675
united_kingdom,1916,431.27596480922693
united_kingdom,1917,414.44859079613525
united_kingdom,1918,420.3007179312021
united_kingdom,1919,461.6142886118297
united_kingdom,1920,455.7092535327616
united_kingdom,1921,422.30676687088163
united_kingdom,1922,415.5817177888069
united_kingdom,1923,414.56932668071215
united_kingdom,1924,414.526757429499
united_kingdom,1925,434.5864623262745
united_kingdom,1926,441.3074282444932
united_kingdom,1927,440.8702580029939
united_kingdom,1928,474.73912578309813
united_kingdom,1929,465.0296299112216
united_kingdom,1930,472.4338073073611
united_kingdom,1931,419.9552603130466
united_kingdom,1932,433.56003926397085
united_kingdom,1933,452.7619358911118
united_kingdom,1934,464.16409848531197
united_kingdom,1935,457.8447145994373
united_kingdom,1936,421.27141252052667
united_kingdom,1937,367.4460992572673
united_kingdom,1938,356.0866586553701
united_kingdom,1939,340.35737077126635
united_kingdom,1940,298.6289792346625
united_kingdom,1941,316.2304769907257
united_kingdom,1942,276.2348337254078
united_kingdom,1943,253.65183959496946
united_kingdom,1944,209.3472960757519
united_kingdom,1945,196.0442896431035
united_kingdom,1946,155.51387261493494
united_kingdom,1947,129.38331658574515
united_kingdom,1948,110.95191000970706
united_kingdom,1949,103.04822607819975
united_kingdom,1950,91.408095214576
united_kingdom,1951,76
united_kingdom,1952,67
united_kingdom,1953,71
united_kingdom,1954,65
united_kingdom,1955,60.645901310400696
united_kingdom,1956,53.403014271741384
united_kingdom,1957,46.03383279350715
united_kingdom,1958,44.281538783472726
united_kingdom,1959,38.74410321429096
united_kingdom,1960,39.49019432997242
united_kingdom,1961,33.773747936904726
united_kingdom,1962,35.648881173575475
united_kingdom,1963,28.45250013172454
united_kingdom,1964,25.914070312749725
united_kingdom,1965,26.884371253444886
united_kingdom,1966,26.100031806111634
united_kingdom,1967,20.896503067154253
united_kingdom,1968,23.412081071441857
united_kingdom,1969,18.922584104128276
united_kingdom,1970,18.03
united_kingdom,1971,16.97
united_kingdom,1972,15.35
united_kingdom,1973,13.98
united_kingdom,1974,13.97
united_kingdom,1975,12.04
united_kingdom,1976,13.47
united_kingdom,1977,13.43
united_kingdom,1978,10.46
united_kingdom,1979,11.16
united_kingdom,1980,10.89
united_kingdom,1981,9.72
united_kingdom,1982,6.95
united_kingdom,1983,9.15
united_kingdom,1984,8.64
united_kingdom,1985,7.33
united_kingdom,1986,6.89
united_kingdom,1987,6.32
united_kingdom,1988,6.35
united_kingdom,1989,7.72
united_kingdom,1990,7.64
united_kingdom,1991,6.94
united_kingdom,1992,6.66
united_kingdom,1993,5.65
united_kingdom,1994,7.86
united_kingdom,1995,6.97
united_kingdom,1996,6.55
united_kingdom,1997,5.37
united_kingdom,1998,6.84
united_kingdom,1999,5.29
united_states,1900,850
united_states,1901,800
united_states,1902,740
united_states,1903,700
united_states,1904,790
united_states,1905,800
united_states,1906,710
united_states,1907,720
united_states,1908,670
united_states,1909,700
united_states,1910,690
united_states,1911,700
united_states,1912,650
united_states,1913,680
united_states,1914,710
united_states,1915,608
united_states,1916,622
united_states,1917,662
united_states,1918,916
united_states,1919,737
united_states,1920,799
united_states,1921,682
united_states,1922,664
united_states,1923,665
united_states,1924,656
united_states,1925,647
united_states,1926,656
united_states,1927,647
united_states,1928,692
united_states,1929,695
united_states,1930,673
united_states,1931,661
united_states,1932,633
united_states,1933,619
united_states,1934,593
united_states,1935,582
united_states,1936,568
united_states,1937,489
united_states,1938,435
united_states,1939,404
united_states,1940,376
united_states,1941,317
united_states,1942,259
united_states,1943,245
united_states,1944,228
united_states,1945,207
united_states,1946,157
united_states,1947,135
united_states,1948,117
united_states,1949,90
united_states,1950,83
united_states,1951,75
united_states,1952,68
united_states,1953,61
united_states,1954,52.4
united_states,1955,47
united_states,1956,40.9
united_states,1958,37.6
united_states,1959,37.4
united_states,1960,37.1
united_states,1961,36.9
united_states,1962,35.2
united_states,1963,35.8
united_states,1964,33.3
united_states,1965,31.6
united_states,1966,29.1
united_states,1967,41
united_states,1967,28
united_states,1968,24.5
united_states,1969,22.2
united_states,1970,21.5
united_states,1971,18.8
united_states,1972,18.8
united_states,1973,15.2
united_states,1974,14.6
united_states,1975,12.8
united_states,1976,12.3
united_states,1977,12.2
united_states,1978,9.6
united_states,1979,9.6
united_states,1980,9.2
united_states,1981,8.5
united_states,1982,7.9
united_states,1983,8
united_states,1984,7.8
united_states,1985,7.8
united_states,1986,7.2
united_states,1987,6.6
united_states,1988,8.4
united_states,1989,7.9
united_states,1990,8.2
united_states,1991,7.9
united_states,1992,7.8
united_states,1993,7.5
united_states,1994,8.3
united_states,1995,7.1
united_states,1996,7.6
united_states,1997,8.4
united_states,1998,7.1
united_states,1999,9.9
united_states,2000,9.8
united_states,2001,9.9
united_states,2002,9.9
united_states,2003,12.1
